1,欧sir最帅,yupi,http://blog.ousir.icu/wp-content/uploads/2024/06/thumb-Jigglypuff-124.png,大撒大撒看,13349680231,1,b03d227f78c0c79334fca76e7b8eb46a,456456456,0,2024-06-21 10:37:50,2024-06-26 21:08:06,0,0,5004,"[""男"",""python"",""帅""]"
2,12323,ousir,http://blog.ousir.icu/wp-content/uploads/2024/06/thumb-Jigglypuff-124.png,h,213245,1,123456789,456456456,0,2024-06-21 10:37:50,2024-06-25 18:57:28,0,0,,"[""oyyx"",""python"",""mff""]"
3,12323,ousir,http://blog.ousir.icu/wp-content/uploads/2024/06/thumb-Jigglypuff-124.png,123,213245,0,123456789,456456456,0,2024-06-21 10:37:50,2024-06-26 20:35:43,0,0,,"[""女"",""python""]"
5,12323,ousir,http://blog.ousir.icu/wp-content/uploads/2024/06/thumb-Jigglypuff-124.png,123,213245,1,123456789,456456456,0,2024-06-21 10:37:50,2024-06-26 20:35:43,0,0,,"[""女"",""python""]"
6,欧sir最帅,yupi,http://blog.ousir.icu/wp-content/uploads/2024/06/thumb-Jigglypuff-124.png,大撒大撒看,13349680231,1,b03d227f78c0c79334fca76e7b8eb46a,456456456,0,2024-06-21 10:37:50,2024-06-26 20:07:07,0,0,5004,"[""男"",""python""]"
7,12323,ousir,http://blog.ousir.icu/wp-content/uploads/2024/06/thumb-Jigglypuff-124.png,h,213245,1,123456789,456456456,0,2024-06-21 10:37:50,2024-06-25 18:57:28,0,0,,"[""oyyx"",""python"",""mff""]"
8,12323,ousir,http://blog.ousir.icu/wp-content/uploads/2024/06/thumb-Jigglypuff-124.png,123,213245,0,123456789,456456456,0,2024-06-21 10:37:50,2024-06-26 20:35:43,0,0,,"[""女"",""python""]"
9,12323,ousir,http://blog.ousir.icu/wp-content/uploads/2024/06/thumb-Jigglypuff-124.png,123,213245,1,123456789,456456456,0,2024-06-21 10:37:50,2024-06-26 20:35:43,0,0,,"[""女"",""python""]"
10,12323,ousir,http://blog.ousir.icu/wp-content/uploads/2024/06/thumb-Jigglypuff-124.png,h,213245,1,123456789,456456456,0,2024-06-21 10:37:50,2024-06-25 18:57:28,0,0,,"[""oyyx"",""python"",""mff""]"
11,12323,ousir,http://blog.ousir.icu/wp-content/uploads/2024/06/thumb-Jigglypuff-124.png,123,213245,0,123456789,456456456,0,2024-06-21 10:37:50,2024-06-26 20:35:43,0,0,,"[""女"",""python""]"
12,12323,ousir,http://blog.ousir.icu/wp-content/uploads/2024/06/thumb-Jigglypuff-124.png,123,213245,1,123456789,456456456,0,2024-06-21 10:37:50,2024-06-26 20:35:43,0,0,,"[""女"",""python""]"
